{
	"geometry": "skinpacks/skins.json",
	"skins": [


		{
			"localization_name": "Aaron",
			"geometry": "geometry.humanoid.custom",
			"texture": "ap.png",
			"type": "free"
		},
		{
			"localization_name": "ShirtlessAaron",
			"geometry": "geometry.humanoid.custom",
			"texture": "sha.png",
			"type": "free"

		},
		{
			"localization_name": "UnderwearAaron",
			"geometry": "geometry.humanoid.custom",
			"texture": "uda.png",
			"type": "free"
		},
		{
		    "localization_name": "NakedAaron",
			"geometry": "geometry.humanoid.custom",
			"texture": "na.png",
			"type": "free"
		},
		{
			"localization_name": "Daniel",
			"geometry": "geometry.humanoid.custom",
			"texture": "daniel.png",
			"type": "free"
		},
		{
			"localization_name": "ShirtlessDaniel",
			"geometry": "geometry.humanoid.custom",
			"texture": "sd.png",
			"type": "free"
		},
		{
			"localization_name": "UnderwearDaniel",
			"geometry": "geometry.humanoid.custom",
			"texture": "uwd.png",
			"type": "free"
		},
		{
			"localization_name": "NakedDaniel",
			"geometry": "geometry.humanoid.custom",
			"texture": "nd.png",
			"type": "free"
		},
		{
			"localization_name": "Rylan",
			"geometry": "geometry.humanoid.custom",
			"texture": "Rylan.png",
			"type": "free"
		},
		{
			"localization_name": "ShirtlessRylan",
			"geometry": "geometry.humanoid.custom",
			"texture": "shtr.png",
			"type": "free"
		},
		{
			"localization_name": "UnderwearRylan",
			"geometry": "geometry.humanoid.custom",
			"texture": "uwr.png",
			"type": "free"
		},
		{
			"localization_name": "NakedRylan",
			"geometry": "geometry.humanoid.custom",
			"texture": "nakq.png",
			"type": "free"
		},
		{

			"localization_name": "Kai",
			"geometry": "geometry.humanoid.custom",
			"texture": "slk.png",
			"type": "free"
		},
		{
			"localization_name": "ShirtlessKai",
			"geometry": "geometry.humanoid.custom",
			"texture": "shh.png",
			"type": "free"
		},
		{
			"localization_name": "UnderwearKai",
			"geometry": "geometry.humanoid.custom",
			"texture": "sl.png",
			"type": "free"
		},
		{
			"localization_name": "NakedKai",
			"geometry": "geometry.humanoid.custom",
			"texture": "nakn.png",
			"type": "free"
		},
		{
      "localization_name": "Ein",
			"geometry": "geometry.humanoid.custom",
			"texture": "sexyein.png",
			"type": "free"
		},
		{
			"localization_name": "ShirtlessEin",
			"geometry": "geometry.humanoid.custom",
			"texture": "shirtlessein.png",
			"type": "free"
		},
		{
			"localization_name": "UnderwearEin",
			"geometry": "geometry.humanoid.custom",
			"texture": "uwe.png",
			"type": "free"
		},
		{
			"localization_name": "NakedEin",
			"geometry": "geometry.humanoid.custom",
			"texture": "nakein.png",
			"type": "free"
		},
		{
			"localization_name": "Travis",
			"geometry": "geometry.humanoid.custom",
			"texture": "Travis.png",
			"type": "free"
		},
		{
		    "localization_name": "ShirtlessTravis",
			"geometry": "geometry.humanoid.custom",
			"texture": "stt.png",
			"type": "free"
		},
		{
			"localization_name": "UnderwearTravis",
			"geometry": "geometry.humanoid.custom",
			"texture": "uwt.png",
			"type": "free"
		},
		{
		    "localization_name": "NakedTravis",
			"geometry": "geometry.humanoid.custom",
			"texture": "tra.png",
			"type": "free"
		},
		{
			"localization_name": "Zane",
			"geometry": "geometry.humanoid.custom",
			"texture": "zand.png",
			"type": "free"
    },
		{
			"localization_name": "ShirtlessZane",
			"geometry": "geometry.humanoid.custom",
			"texture": "shtzane.png",
			"type": "free"
		},
		{
			"localization_name": "UnderwearZane",
			"geometry": "geometry.humanoid.custom",
			"texture": "uwz.png",
			"type": "free"
    },
		{
			"localization_name": "NakedZane",
			"geometry": "geometry.humanoid.custom",
			"texture": "nakzane.png",
			"type": "free"
		},
		{

			"localization_name": "Garroth",
			"geometry": "geometry.humanoid.custom",
			"texture": "gar.png",
			"type": "free"
		},
		{
			"localization_name": "ShitlessGarroth",
			"geometry": "geometry.humanoid.custom",
			"texture": "shg.png",
			"type": "free"
		},
    {
			"localization_name": "UnderwearGarroth",
			"geometry": "geometry.humanoid.custom",
			"texture": "uwgg.png",
			"type": "free"
		},
		{
			"localization_name": "NakedGarroth",
			"geometry": "geometry.humanoid.custom",
			"texture": "nakg.png",
			"type": "free"
    },
		{
			"localization_name": "Blaze",
			"geometry": "geometry.humanoid.custom",
			"texture": "blaze.png",
			"type": "free"
		},
		{
			"localization_name": "ShirtlessBlaze",
			"geometry": "geometry.humanoid.custom",
			"texture": "shb.png",
			"type": "free"
		},
		{
			"localization_name": "UnderwearBlaze",
			"geometry": "geometry.humanoid.custom",
			"texture": "uwb.png",
			"type": "free"
		},
		{
			"localization_name": "NakedBlaze",
			"geometry": "geometry.humanoid.custom",
			"texture": "nkb.png",
			"type": "free"
		}
	],

	"serialize_name": "AphmauGaysBoyPack",
	"localization_name": "AphmauGaysBoyPack"
}
