{
  "geometry": "skinpacks/skins.json",
  "skins": [
	{
      "localization_name": "Aaron",
      "geometry": "geometry.humanoid.custom",
      "texture": "1.png",
      "type": "free"
    },
	{
      "localization_name": "ShirtlessAaron",
      "geometry": "geometry.humanoid.custom",
      "texture": "2.png",
      "type": "free"
    },
	{
      "localization_name": "UnderwearAaron",
      "geometry": "geometry.humanoid.custom",
      "texture": "3.png",
      "type": "free"
    },
	{
      "localization_name": "NakedAaron",
      "geometry": "geometry.humanoid.custom",
      "texture": "4.png",
      "type": "free"
    },
	{
      "localization_name": "Blaze",
      "geometry": "geometry.humanoid.custom",
      "texture": "5.png",
      "type": "free"
    },
	{
      "localization_name": "ShirtlessBlaze",
      "geometry": "geometry.humanoid.custom",
      "texture": "6.png",
      "type": "free"
    },
	{
      "localization_name": "UnderwearBlaze",
      "geometry": "geometry.humanoid.custom",
      "texture": "7.png",
      "type": "free"
    },
	{
      "localization_name": "NakedBlaze",
      "geometry": "geometry.humanoid.custom",
      "texture": "8.png",
      "type": "free"
    },
	{
      "localization_name": "Daniel",
      "geometry": "geometry.humanoid.custom",
      "texture": "9.png",
      "type": "free"
    },
	{
      "localization_name": "ShirtlessDaniel",
      "geometry": "geometry.humanoid.custom",
      "texture": "10.png",
      "type": "free"
    },
	{
      "localization_name": "UnderwearDaniel",
      "geometry": "geometry.humanoid.custom",
      "texture": "11.png",
      "type": "free"
    },
	{
      "localization_name": "NakedDaniel",
      "geometry": "geometry.humanoid.custom",
      "texture": "12.png",
      "type": "free"
    },
	{
      "localization_name": "Rylan",
      "geometry": "geometry.humanoid.custom",
      "texture": "13.png",
      "type": "free"
    },
	{
      "localization_name": "ShirtlessRylan",
      "geometry": "geometry.humanoid.custom",
      "texture": "14.png",
      "type": "free"
    },
	{
      "localization_name": "UnderwearRylan",
      "geometry": "geometry.humanoid.custom",
      "texture": "15.png",
      "type": "free"
    },
	{
      "localization_name": "NakedRylan",
      "geometry": "geometry.humanoid.custom",
      "texture": "16.png",
      "type": "free"
    },
	{
      "localization_name": "Ein",
      "geometry": "geometry.humanoid.custom",
      "texture": "17.png",
      "type": "free"
    },
	{
      "localization_name": "ShirtlesEin",
      "geometry": "geometry.humanoid.custom",
      "texture": "18.png",
      "type": "free"
    },
	{
      "localization_name": "UnderwearEin",
      "geometry": "geometry.humanoid.custom",
      "texture": "19.png",
      "type": "free"
    },
	{
      "localization_name": "NakedEin",
      "geometry": "geometry.humanoid.custom",
      "texture": "20.png",
      "type": "free"
    },
	{
      "localization_name": "Kai",
      "geometry": "geometry.humanoid.custom",
      "texture": "21.png",
       "type": "free"
   },
  {
      "localization_name": "ShirtlessKai",
      "geometry": "geometry.humanoid.custom",
      "texture": "22.png",
      "type": "free"
   },
  {
      "localization_name": "UnderwearKai",
      "geometry": "geometry.humanoid.custom",
      "texture": "23.png",
      "type": "free"
    },
   {
      "localization_name": "NakedKai",
      "geometry": "geometry.humanoid.custom",
      "texture": "24.png",
      "type": "free"
     },
    {
      "localization_name": "Kacey",
      "geometry": "geometry.humanoid.custom",
      "texture": "25.png",
      "type": "free"
     },
    {
      "localization_name": "ShirtlessKacey",
      "geometry": "geometry.humanoid.custom",
      "texture": "26.png",
      "type": "free"
    },
    {
       "localization_name": "UnderwearKacey",
       "geometry": "geometry.humanoid.custom",
       "texture": "27.png",
       "type": "free"
    },
    {
       "localization_name": "NakedKacey",
       "geometry": "geometry.humanoid.custom",
        "texture": "28.png",
        "type": "free"
    },
    {

      "localization_name": "Garroth",
      "geometry": "geometry.humanoid.custom",
      "texture": "29.png",
      "type": "free"
    },
    {
      "localization_name": "ShirtlessGarroth",
      "geometry": "geometry.humanoid.custom",
      "texture": "30.png",
      "type": "free"
     },
    {
      "localization_name": "UnderwearGarroth",
      "geometry": "geometry.humanoid.custom",
      "texture": "31.png",
      "type": "free"
     },
    {
      "localization_name": "NakedGarroth",
      "geometry": "geometry.humanoid.custom",
      "texture": "32.png",
      "type": "free"
     },
    {
      "localization_name": "Zane",
      "geometry": "geometry.humanoid.custom",
      "texture": "33.png",
      "type": "free"
     },
    {
      "localization_name": "ShirtlessZane",
      "geometry": "geometry.humanoid.custom",
      "texture": "34.png",
      "type": "free"
     },
    {
      "localization_name": "UnderwearZane",
      "geometry": "geometry.humanoid.custom",
      "texture": "35.png",
      "type": "free"
     },
    {
      "localization_name": "NakedZane",
      "geometry": "geometry.humanoid.custom",
      "texture": "36.png",
      "type": "free"
    },
   {
     "localization_name": "Travis",
     "geometry": "geometry.humanoid.custom",
     "texture": "37.png",
     "type": "free"
   },
  {
    "localization_name": "ShirtlessTravis",
    "geometry": "geometry.humanoid.custom",
    "texture": "38.png",
    "type": "free"
  },
 {
   "localization_name": "UnderwearTravis",
   "geometry": "geometry.humanoid.custom",
   "texture": "39.png",
   "type": "free"
  },
 {
   "localization_name": "NakedTravis",
   "geometry": "geometry.humanoid.custom",
   "texture": "40.png",
   "type": "free"
    }

  ],

  "serialize_name": "ap",
  "localization_name": "ap"
}
