{
	"geometry": "skinpacks/skins.json",
	"skins": [


		{
			"localization_name": "Aaron",
			"geometry": "geometry.humanoid.custom",
			"texture": "aaronhodieears.png",
			"type": "free"
		},
		{
			"localization_name": "Daniel",
			"geometry": "geometry.humanoid.custom",
			"texture": "daniel.png",
			"type": "free"
		},

		{
			"localization_name": "DreamyRylan",
			"geometry": "geometry.humanoid.custom",
			"texture": "dreamrylan.png",
			"type": "free"
		},


		{
			"localization_name": "FancyEin",
			"geometry": "geometry.humanoid.custom",
			"texture": "fc.png",
			"type": "free"
		},
		{
			"localization_name": "GreenStarlightAaron",
			"geometry": "geometry.humanoid.custom",
			"texture": "GreenStarlightAaron.png",
			"type": "free"
		},
		{
			"localization_name": "HotAaron",
			"geometry": "geometry.humanoid.custom",
			"texture": "hot.png",
			"type": "free"
		},
		{
			"localization_name": "KaiDating",
			"geometry": "geometry.humanoid.custom",
			"texture": "kd.png",
			"type": "free"
		},
		{
			"localization_name": "ZaneLoveLoveParadise",
			"geometry": "geometry.humanoid.custom",
			"texture": "lovepara.png",
			"type": "free"
		},
		{
			"localization_name": "Blaze",
			"geometry": "geometry.humanoid.custom",
			"texture": "norblaze.png",
			"type": "free"
		},
		{
			"localization_name": "OtherSexyAaron",
			"geometry": "geometry.humanoid.custom",
			"texture": "osa.png",
			"type": "free"
		},
		{
			"localization_name": "Rylan",
			"geometry": "geometry.humanoid.custom",
			"texture": "Rylan.png",
			"type": "free"
		},
		{
			"localization_name": "BlueHairAaron",
			"geometry": "geometry.humanoid.custom",
			"texture": "bluehairaaron.png",
			"type": "free"
		},
		{
			"localization_name": "SexyAaron",
			"geometry": "geometry.humanoid.custom",
			"texture": "sexyaaron.png",
			"type": "free"
		},
		{
			"localization_name": "SexyEin",
			"geometry": "geometry.humanoid.custom",
			"texture": "sexyein.png",
			"type": "free"
		},
		{
			"localization_name": "ShirtlessEin",
			"geometry": "geometry.humanoid.custom",
			"texture": "shirtlessein.png",
			"type": "free"
		},
		{
			"localization_name": "CuteAaron",
			"geometry": "geometry.humanoid.custom",
			"texture": "cuteaaron.png",
			"type": "free"
		},
		{
			"localization_name": "StarlightKai",
			"geometry": "geometry.humanoid.custom",
			"texture": "slk.png",
			"type": "free"
		},
		{
			"localization_name": "SmexyZane",
			"geometry": "geometry.humanoid.custom",
			"texture": "smexyzane.png",
			"type": "free"
		},
		{
			"localization_name": "StarlightAaron",
			"geometry": "geometry.humanoid.custom",
			"texture": "starlightaaron.png",
			"type": "free"
		},
		{
			"localization_name": "Travis",
			"geometry": "geometry.humanoid.custom",
			"texture": "Travis.png",
			"type": "free"
		},
		{
			"localization_name": "WolfTravis",
			"geometry": "geometry.humanoid.custom",
			"texture": "wolftravis.png",
			"type": "free"
		},
		{
			"localization_name": "Zane",
			"geometry": "geometry.humanoid.custom",
			"texture": "zand.png",
			"type": "free"
		},
		{
			"localization_name": "ShirtlessZane",
			"geometry": "geometry.humanoid.custom",
			"texture": "shtzane.png",
			"type": "free"

		},
		{
			"localization_name": "NakedZane",
			"geometry": "geometry.humanoid.custom",
			"texture": "nakzane.png",
			"type": "free"
		},
		{
			"localization_name": "Garroth",
			"geometry": "geometry.humanoid.custom",
			"texture": "gar.png",
			"type": "free"
		},
		{
			"localization_name": "ShitlessGarroth",
			"geometry": "geometry.humanoid.custom",
			"texture": "shg.png",
			"type": "free"
		},
		{
			"localization_name": "NakedGarroth",
			"geometry": "geometry.humanoid.custom",
			"texture": "nakg.png",
			"type": "free"
    },
		{
			"localization_name": "NakedEin",
			"geometry": "geometry.humanoid.custom",
			"texture": "nakein.png",
			"type": "free"
		},
		{
			"localization_name": "ShirtlessBlaze",
			"geometry": "geometry.humanoid.custom",
			"texture": "shb.png",
			"type": "free"
		},
		{
			"localization_name": "NakedBlaze",
			"geometry": "geometry.humanoid.custom",
			"texture": "nkb.png",
			"type": "free"
		},
		{
			"localization_name": "DreamNakedAaron",
			"geometry": "geometry.humanoid.custom",
			"texture": "download.png",
			"type": "free"
		}
	],

	"serialize_name": "AphmauGaysBoyPack",
	"localization_name": "AphmauGaysBoyPack"
}
